Nk,Nv_mean,Nv_std,nn_mean,nn_std,CV_mean,CV_std,Nk_str,Nv_str,nn_str,CV_str
2000,219,0,0.888240588713372,0.0132980313533634,0.441172201586421,0.0290447829286313,2000,219 ± 0,0.89 ± 0.01,0.44 ± 0.03
5000,301,0,0.728275430636795,0.00931780536019489,0.454043070766012,0.0254560735849396,5000,301 ± 0,0.73 ± 0.01,0.45 ± 0.03
10000,395,0,0.6214712070277,0.00635310247639202,0.459651122529299,0.0188035632168114,10000,395 ± 0,0.62 ± 0.01,0.46 ± 0.02
50000,697,0,0.450335886982128,0.00380607075903705,0.474544226751802,0.0129226161119759,50000,697 ± 0,0.45 ± 0.00,0.47 ± 0.01
